<?xml version="1.0" encoding="UTF-8" standalone="yes"?>
<manifest>
  <control namespace="PowerApps.PCF" constructor="OfficeUIFabricReactPeoplePicker" version="0.0.1" display-name-key="OfficeUIFabricReactPeoplePicker" description-key="OfficeUIFabricReactPeoplePicker description" control-type="standard" api-version="1.2.1">
    <property name="peoplePicker" display-name-key="peoplePicker" description-key="field_Value" of-type="Multiple" usage="bound" required="true"/>
    <property name="entityName" display-name-key="entityName" description-key="Button_value" of-type="Multiple" usage="input" required="true" default-value="systemuser"/>
    <resources>
      <code path="bundle.js" order="1"/>
    </resources>
    <feature-usage>
      <uses-feature name="WebAPI" required="true"/>
    </feature-usage>
    <built-by name="pac" version="1.1.6"/>
  </control>
</manifest>